{"cameraMode":{"drawMode":0,"name":"Shaded","section":"Shading Mode"},"sceneLighting":false,"audioPlay":false,"sceneViewState":{"m_AlwaysRefresh":false,"showFog":true,"showSkybox":false,"showFlares":true,"showImageEffects":true,"showParticleSystems":true,"showVisualEffectGraphs":true,"m_FxEnabled":true},"in2DMode":false,"pivot":{"x":3.55084228515625,"y":1.158390760421753,"z":-2.8735203742980959},"rotation":{"x":0.10224423557519913,"y":0.23009926080703736,"z":-0.024433782324194909,"w":0.9675296545028687},"size":0.8871846795082092,"orthographic":false}