{"cameraMode":{"drawMode":0,"name":"Shaded","section":"Shading Mode"},"sceneLighting":false,"audioPlay":false,"sceneViewState":{"m_AlwaysRefresh":false,"showFog":true,"showSkybox":false,"showFlares":true,"showImageEffects":true,"showParticleSystems":true,"showVisualEffectGraphs":true,"m_FxEnabled":true},"in2DMode":false,"pivot":{"x":-1.8465189933776856,"y":1.2349185943603516,"z":0.43470999598503115},"rotation":{"x":-0.061478666961193088,"y":0.6955239772796631,"z":-0.05972519516944885,"w":-0.7134736776351929},"size":1.9098538160324097,"orthographic":false}