{"cameraMode":{"drawMode":0,"name":"Shaded","section":"Shading Mode"},"sceneLighting":false,"audioPlay":false,"sceneViewState":{"m_AlwaysRefresh":false,"showFog":true,"showSkybox":false,"showFlares":true,"showImageEffects":true,"showParticleSystems":true,"showVisualEffectGraphs":true,"m_FxEnabled":true},"in2DMode":false,"pivot":{"x":0.7786135673522949,"y":6.479973793029785,"z":-0.40546655654907229},"rotation":{"x":-0.11286858469247818,"y":-0.24272295832633973,"z":0.028674207627773286,"w":-0.9631073474884033},"size":4.700321674346924,"orthographic":false}