{"cameraMode":{"drawMode":0,"name":"Shaded","section":"Shading Mode"},"sceneLighting":true,"audioPlay":false,"sceneViewState":{"m_AlwaysRefresh":false,"showFog":true,"showSkybox":true,"showFlares":true,"showImageEffects":true,"showParticleSystems":true,"showVisualEffectGraphs":true,"m_FxEnabled":true},"in2DMode":false,"pivot":{"x":-0.44620418548583987,"y":-0.3690979480743408,"z":12.872597694396973},"rotation":{"x":0.12987378239631654,"y":-0.6488642692565918,"z":0.11358943581581116,"w":0.7411243319511414},"size":7.736189842224121,"orthographic":false}